<?xml version="1.0" encoding="UTF-8"?>
<GenRun Id="synth_1" LaunchPart="xc7k70tfbv676-1" LaunchTime="1573079653">
  <File Type="PA-TCL" Name="loopback_capture_AXI.tcl"/>
  <File Type="REPORTS-TCL" Name="loopback_capture_AXI_reports.tcl"/>
  <File Type="RDS-RDS" Name="loopback_capture_AXI.vds"/>
  <File Type="RDS-DCP" Name="loopback_capture_AXI.dcp"/>
  <File Type="RDS-UTIL-PB" Name="loopback_capture_AXI_utilization_synth.pb"/>
  <File Type="RDS-UTIL" Name="loopback_capture_AXI_utilization_synth.rpt"/>
  <FileSet Name="sources" Type="DesignSrcs" RelSrcDir="$PSRCDIR/sources_1">
    <Filter Type="Srcs"/>
    <File Path="$PSRCDIR/sources_1/new/deserializer.v">
      <FileInfo>
        <Attr Name="ImportPath" Val="$PPRDIR/../../../../../loopback_capture/vivado/loopback_capture.srcs/sources_1/new/deserializer.v"/>
        <Attr Name="ImportTime" Val="1573072496"/>
        <Attr Name="UsedIn" Val="synthesis"/>
        <Attr Name="UsedIn" Val="implementation"/>
        <Attr Name="UsedIn" Val="simulation"/>
      </FileInfo>
    </File>
    <File Path="$PSRCDIR/sources_1/new/loopback_top.v">
      <FileInfo>
        <Attr Name="ImportPath" Val="$PPRDIR/../../../../../loopback_capture/vivado/loopback_capture.srcs/sources_1/new/loopback_top.v"/>
        <Attr Name="ImportTime" Val="1573079647"/>
        <Attr Name="UsedIn" Val="synthesis"/>
        <Attr Name="UsedIn" Val="implementation"/>
        <Attr Name="UsedIn" Val="simulation"/>
      </FileInfo>
    </File>
    <File Path="$PSRCDIR/sources_1/imports/src/prbs15.v">
      <FileInfo>
        <Attr Name="ImportPath" Val="$PPRDIR/../../../../../prbs_generator/src/prbs15.v"/>
        <Attr Name="ImportTime" Val="1573079942"/>
        <Attr Name="UsedIn" Val="synthesis"/>
        <Attr Name="UsedIn" Val="implementation"/>
        <Attr Name="UsedIn" Val="simulation"/>
      </FileInfo>
    </File>
    <File Path="$PSRCDIR/sources_1/imports/src/prbs15_byte.v">
      <FileInfo>
        <Attr Name="ImportPath" Val="$PPRDIR/../../../../../prbs_generator/src/prbs15_byte.v"/>
        <Attr Name="ImportTime" Val="1573079942"/>
        <Attr Name="UsedIn" Val="synthesis"/>
        <Attr Name="UsedIn" Val="implementation"/>
        <Attr Name="UsedIn" Val="simulation"/>
      </FileInfo>
    </File>
    <File Path="$PSRCDIR/sources_1/new/prbs15_byteber.v">
      <FileInfo>
        <Attr Name="ImportPath" Val="$PPRDIR/../../../../../loopback_capture/vivado/loopback_capture.srcs/sources_1/new/prbs15_byteber.v"/>
        <Attr Name="ImportTime" Val="1573072561"/>
        <Attr Name="UsedIn" Val="synthesis"/>
        <Attr Name="UsedIn" Val="implementation"/>
        <Attr Name="UsedIn" Val="simulation"/>
      </FileInfo>
    </File>
    <File Path="$PSRCDIR/sources_1/new/register_handshake.v">
      <FileInfo>
        <Attr Name="ImportPath" Val="$PPRDIR/../../../../../loopback_capture/vivado/loopback_capture.srcs/sources_1/new/register_handshake.v"/>
        <Attr Name="ImportTime" Val="1573072408"/>
        <Attr Name="UsedIn" Val="synthesis"/>
        <Attr Name="UsedIn" Val="implementation"/>
        <Attr Name="UsedIn" Val="simulation"/>
      </FileInfo>
    </File>
    <File Path="$PSRCDIR/sources_1/new/loopback_capture_AXI.v">
      <FileInfo>
        <Attr Name="ImportPath" Val="$PPRDIR/../../../../../loopback_capture/vivado/loopback_capture.srcs/sources_1/new/loopback_capture_AXI.v"/>
        <Attr Name="ImportTime" Val="1573079262"/>
        <Attr Name="UsedIn" Val="synthesis"/>
        <Attr Name="UsedIn" Val="implementation"/>
        <Attr Name="UsedIn" Val="simulation"/>
      </FileInfo>
    </File>
    <File Path="$PPRDIR/../../../../../loopback_capture/component.xml">
      <FileInfo SFType="IPXACT"/>
    </File>
    <Config>
      <Option Name="DesignMode" Val="RTL"/>
      <Option Name="TopModule" Val="loopback_capture_AXI"/>
      <Option Name="TopAutoSet" Val="TRUE"/>
    </Config>
  </FileSet>
  <FileSet Name="constrs_in" Type="Constrs" RelSrcDir="$PSRCDIR/constrs_1">
    <Filter Type="Constrs"/>
    <Config>
      <Option Name="ConstrsType" Val="XDC"/>
    </Config>
  </FileSet>
  <FileSet Name="utils" Type="Utils" RelSrcDir="$PSRCDIR/utils_1">
    <Filter Type="Utils"/>
    <Config>
      <Option Name="TopAutoSet" Val="TRUE"/>
    </Config>
  </FileSet>
  <Strategy Version="1" Minor="2">
    <StratHandle Name="Vivado Synthesis Defaults" Flow="Vivado Synthesis 2018"/>
    <Step Id="synth_design"/>
  </Strategy>
</GenRun>
